{
  "GET /pcf/category/tree" : {
    "transaction" : "GET /pcf/category/tree",
    "sampleCount" : 100,
    "errorCount" : 0,
    "errorPct" : 0.0,
    "meanResTime" : 151.54000000000002,
    "medianResTime" : 148.5,
    "minResTime" : 138.0,
    "maxResTime" : 199.0,
    "pct1ResTime" : 163.9,
    "pct2ResTime" : 175.95,
    "pct3ResTime" : 198.95999999999998,
    "throughput" : 1.0535187526337968,
    "receivedKBytesPerSec" : 1.4753377844500632,
    "sentKBytesPerSec" : 0.38683891698272227
  },
  "Flux Query - Daily Aggregation" : {
    "transaction" : "Flux Query - Daily Aggregation",
    "sampleCount" : 500,
    "errorCount" : 0,
    "errorPct" : 0.0,
    "meanResTime" : 1381.51,
    "medianResTime" : 1334.5,
    "minResTime" : 443.0,
    "maxResTime" : 11578.0,
    "pct1ResTime" : 1583.8000000000002,
    "pct2ResTime" : 1730.75,
    "pct3ResTime" : 8643.13000000005,
    "throughput" : 0.7247626764615926,
    "receivedKBytesPerSec" : 1619.6095705160565,
    "sentKBytesPerSec" : 0.31849922305441086
  },
  "Dashboard - energyConsumptionSummation" : {
    "transaction" : "Dashboard - energyConsumptionSummation",
    "sampleCount" : 328,
    "errorCount" : 0,
    "errorPct" : 0.0,
    "meanResTime" : 185.26524390243904,
    "medianResTime" : 178.0,
    "minResTime" : 135.0,
    "maxResTime" : 1074.0,
    "pct1ResTime" : 204.0,
    "pct2ResTime" : 210.55,
    "pct3ResTime" : 529.2999999999973,
    "throughput" : 2.303969430259267,
    "receivedKBytesPerSec" : 2.6684645940307523,
    "sentKBytesPerSec" : 0.8864882378146007
  },
  "GET /homepage/energyConsumptionRanking" : {
    "transaction" : "GET /homepage/energyConsumptionRanking",
    "sampleCount" : 100,
    "errorCount" : 0,
    "errorPct" : 0.0,
    "meanResTime" : 5.839999999999999,
    "medianResTime" : 6.0,
    "minResTime" : 3.0,
    "maxResTime" : 11.0,
    "pct1ResTime" : 8.0,
    "pct2ResTime" : 9.0,
    "pct3ResTime" : 10.989999999999995,
    "throughput" : 1.0525651011515063,
    "receivedKBytesPerSec" : 0.3741540007999495,
    "sentKBytesPerSec" : 0.40293507778456095
  },
  "InfluxDB Write (500 points/batch)" : {
    "transaction" : "InfluxDB Write (500 points/batch)",
    "sampleCount" : 10000,
    "errorCount" : 0,
    "errorPct" : 0.0,
    "meanResTime" : 27.755399999999913,
    "medianResTime" : 24.0,
    "minResTime" : 9.0,
    "maxResTime" : 377.0,
    "pct1ResTime" : 43.0,
    "pct2ResTime" : 54.0,
    "pct3ResTime" : 86.0,
    "throughput" : 123.19670818395733,
    "receivedKBytesPerSec" : 13.955877098963915,
    "sentKBytesPerSec" : 6981.502254884749
  },
  "GET /consumptionanalysis/getByArea" : {
    "transaction" : "GET /consumptionanalysis/getByArea",
    "sampleCount" : 100,
    "errorCount" : 0,
    "errorPct" : 0.0,
    "meanResTime" : 50.28999999999997,
    "medianResTime" : 49.0,
    "minResTime" : 34.0,
    "maxResTime" : 153.0,
    "pct1ResTime" : 56.0,
    "pct2ResTime" : 59.0,
    "pct3ResTime" : 152.08999999999952,
    "throughput" : 1.052343569128449,
    "receivedKBytesPerSec" : 5.050015916696483,
    "sentKBytesPerSec" : 0.41209938595752743
  },
  "Carbon - carbonEmission/up" : {
    "transaction" : "Carbon - carbonEmission/up",
    "sampleCount" : 376,
    "errorCount" : 0,
    "errorPct" : 0.0,
    "meanResTime" : 7.710106382978727,
    "medianResTime" : 7.0,
    "minResTime" : 4.0,
    "maxResTime" : 55.0,
    "pct1ResTime" : 10.0,
    "pct2ResTime" : 11.0,
    "pct3ResTime" : 17.0,
    "throughput" : 2.8574685564464035,
    "receivedKBytesPerSec" : 0.9962072994642246,
    "sentKBytesPerSec" : 1.0910841851274842
  },
  "POST /login" : {
    "transaction" : "POST /login",
    "sampleCount" : 101,
    "errorCount" : 0,
    "errorPct" : 0.0,
    "meanResTime" : 202.52475247524762,
    "medianResTime" : 198.0,
    "minResTime" : 141.0,
    "maxResTime" : 288.0,
    "pct1ResTime" : 239.8,
    "pct2ResTime" : 253.79999999999998,
    "pct3ResTime" : 287.96000000000004,
    "throughput" : 0.4670671420577776,
    "receivedKBytesPerSec" : 0.25041002049777333,
    "sentKBytesPerSec" : 0.11357394372303381
  },
  "GET /carbonEmission/up" : {
    "transaction" : "GET /carbonEmission/up",
    "sampleCount" : 100,
    "errorCount" : 0,
    "errorPct" : 0.0,
    "meanResTime" : 8.230000000000002,
    "medianResTime" : 7.5,
    "minResTime" : 5.0,
    "maxResTime" : 31.0,
    "pct1ResTime" : 11.0,
    "pct2ResTime" : 12.0,
    "pct3ResTime" : 30.85999999999993,
    "throughput" : 1.0547076877643362,
    "receivedKBytesPerSec" : 0.36770570755065235,
    "sentKBytesPerSec" : 0.40272529874595253
  },
  "GET /statisticalData/comprehensiveStatistics/getList" : {
    "transaction" : "GET /statisticalData/comprehensiveStatistics/getList",
    "sampleCount" : 100,
    "errorCount" : 0,
    "errorPct" : 0.0,
    "meanResTime" : 27.37,
    "medianResTime" : 26.0,
    "minResTime" : 22.0,
    "maxResTime" : 47.0,
    "pct1ResTime" : 32.0,
    "pct2ResTime" : 36.89999999999998,
    "pct3ResTime" : 46.949999999999974,
    "throughput" : 1.0543629539032515,
    "receivedKBytesPerSec" : 0.37479308127029654,
    "sentKBytesPerSec" : 0.46437274629918607
  },
  "GET /homepage/energyConsumptionSummation" : {
    "transaction" : "GET /homepage/energyConsumptionSummation",
    "sampleCount" : 100,
    "errorCount" : 0,
    "errorPct" : 0.0,
    "meanResTime" : 210.85999999999999,
    "medianResTime" : 208.0,
    "minResTime" : 198.0,
    "maxResTime" : 255.0,
    "pct1ResTime" : 223.8,
    "pct2ResTime" : 239.5999999999999,
    "pct3ResTime" : 254.96999999999997,
    "throughput" : 1.0504312020084243,
    "receivedKBytesPerSec" : 1.2166127007636636,
    "sentKBytesPerSec" : 0.4041698179602727
  },
  "GET /consumptionanalysis/getYOY" : {
    "transaction" : "GET /consumptionanalysis/getYOY",
    "sampleCount" : 100,
    "errorCount" : 0,
    "errorPct" : 0.0,
    "meanResTime" : 69.13999999999999,
    "medianResTime" : 68.0,
    "minResTime" : 62.0,
    "maxResTime" : 98.0,
    "pct1ResTime" : 75.9,
    "pct2ResTime" : 83.74999999999994,
    "pct3ResTime" : 97.99,
    "throughput" : 1.0539629005059021,
    "receivedKBytesPerSec" : 0.4209676038153457,
    "sentKBytesPerSec" : 0.41170425801011806
  },
  "TC-06 Real-time Monitor" : {
    "transaction" : "TC-06 Real-time Monitor",
    "sampleCount" : 100,
    "errorCount" : 0,
    "errorPct" : 0.0,
    "meanResTime" : 10.21,
    "medianResTime" : 8.0,
    "minResTime" : 5.0,
    "maxResTime" : 136.0,
    "pct1ResTime" : 11.900000000000006,
    "pct2ResTime" : 16.899999999999977,
    "pct3ResTime" : 135.05999999999952,
    "throughput" : 1.056669167450363,
    "receivedKBytesPerSec" : 0.37458096463328294,
    "sentKBytesPerSec" : 0.3941871308262096
  },
  "PCF - category/tree" : {
    "transaction" : "PCF - category/tree",
    "sampleCount" : 328,
    "errorCount" : 0,
    "errorPct" : 0.0,
    "meanResTime" : 131.94512195121936,
    "medianResTime" : 128.0,
    "minResTime" : 99.0,
    "maxResTime" : 917.0,
    "pct1ResTime" : 146.0,
    "pct2ResTime" : 149.55,
    "pct3ResTime" : 314.1899999999982,
    "throughput" : 2.345168809254837,
    "receivedKBytesPerSec" : 3.284152414522887,
    "sentKBytesPerSec" : 0.8611166721482605
  },
  "GET /homepage/peakValley" : {
    "transaction" : "GET /homepage/peakValley",
    "sampleCount" : 100,
    "errorCount" : 0,
    "errorPct" : 0.0,
    "meanResTime" : 117.07000000000002,
    "medianResTime" : 111.0,
    "minResTime" : 96.0,
    "maxResTime" : 567.0,
    "pct1ResTime" : 125.9,
    "pct2ResTime" : 131.0,
    "pct3ResTime" : 562.7399999999978,
    "throughput" : 1.0514252068679095,
    "receivedKBytesPerSec" : 0.7495511728648183,
    "sentKBytesPerSec" : 0.3881237580039744
  },
  "TC-04 Product Carbon Footprint" : {
    "transaction" : "TC-04 Product Carbon Footprint",
    "sampleCount" : 100,
    "errorCount" : 0,
    "errorPct" : 0.0,
    "meanResTime" : 215.89000000000004,
    "medianResTime" : 209.5,
    "minResTime" : 189.0,
    "maxResTime" : 460.0,
    "pct1ResTime" : 235.0,